<?xml version="1.0" encoding="UTF-8"?>
<!DOCTYPE suite SYSTEM "https://testng.org/testng-1.0.dtd">

<suite name="Pnmac">
	<listeners>
		<listener class-name="com.pnmac.utilities.Reporting" />
	</listeners>

	<test thread-count="5" name="Pnmac Test">
		<parameter name="browser" value="chrome" />
		<classes>
			<class name="com.pnmac.testCases.TC_LoginTest_001" />
			<!-- <class name="com.pnmac.testCases.TC_LoginDDT_002" />
			<class name="com.pnmac.testCases.TC_AddCustomerTest_003" /> -->
		</classes>
	</test>
</suite> 